Openness,Conscientiousness,Extraversion,Agreeableness,Neuroticism,anger,disgust,fear,joy,sadness,serverStatus
0.528,0.523,0.537,0.653,0.511,0.217821,0.793375,0.501131,0.031477,0.284936,No
0.252,0.063,0.037,0.266,0.989,0.542857,0.084615,0.178302,0.224453,0.264283,No
0.817,0.571,0.157,0.012,0.401,0.162798,0.166694,0.21387,0.410916,0.220049,No
0.197111941,0.129873263,0.18048451,0.419478455,0.99,0.468938,0.259794,0.350803,0.037265,0.636412,No
0.155,0.079,0.081,0.226,0.975,0.539162,0.219993,0.431932,0.011625,0.642158,No
0.158,0.281,0.332,0.51,0.869,0.419015,0.162022,0.213941,0.066892,0.686369,No
0.817,0.571,0.157,0.012,0.401,0.041602,0.026298,0.141606,0.651962,0.1065,No
0.57102946,0.176590371,0.081769738,0.359928149,0.946623449,0.572222,0.156909,0.121436,0.036774,0.665709,No
0.842894133,0.510934272,0.028591869,0.061867269,0.863651422,0.630997,0.27334,0.102993,0.120977,0.247094,No
0.649,0.735,0.332,0.308,0.345,0.256465,0.501026,0.229375,0.116583,0.178444,No
0.99,0.149,0.04,0.079,0.967,0.347906,0.436338,0.096557,0.150341,0.377942,No
0.222737882,0.516426918,0.076798216,0.371376041,0.932767491,0.935205,0.093231,0.480453,0.024612,0.396882,No
0.027,0.105,0.613,0.71,0.987,0.343572,0.079755,0.465045,0.1223,0.373906,No
0.623,0.448,0,0.012,0.81,0.598183,0.160709,0.085206,0.067308,0.490147,No
0.127777542,0.197938872,0.742103995,0.933795568,0.717249134,0.734868,0.635966,0.279829,0.016707,0.28863,No
0.523,0.31,0.237,0.561,0.564,0.471535,0.337315,0.182789,0.076906,0.292775,No
0.22,0.086,0.519,0.445,0.955,0.385644,0.175945,0.611893,0.066624,0.378122,No
0.8707669,0.673957059,0.046140648,0.1826564,0.766577331,0.564624,0.422568,0.335366,0.013917,0.62554,No
0.02,0.19,0.989,0.948,0.081,0.117261,0.131583,0.047687,0.865401,0.062204,No
0.333257806,0.182419317,0.098913405,0.221933223,0.982577631,0.72857,0.233501,0.526891,0.020981,0.195548,No
0.675732048,0.017211965,0.291987961,0.352497369,0.93959943,0.613457,0.210962,0.268527,0.066235,0.378937,No
0.817,0.571,0.157,0.012,0.401,0.062344,0.021321,0.108747,0.660494,0.110253,No
0.263,0.123,0.413,0.301,0.936,0.315188,0.176883,0.250164,0.117284,0.488402,No
0.18,0.468,0.671,0.835,0.649,0.136609,0.048462,0.222051,0.750288,0.356966,No
0.442,0.272,0.042,0.053,0.871,0.432966,0.15655,0.180114,0.109203,0.387351,No
0.147,0.722,0.943,0.959,0.53,0.443398,0.132846,0.43871,0.149918,0.198742,No
0.221,0.174,0.588,0.582,0.882,0.442527,0.583367,0.113427,0.098273,0.414076,No
0.222,0.266,0.512,0.595,0.777,0.378051,0.424376,0.527814,0.02545,0.390559,No
0.252,0.067,0.157,0.114,0.968,0.278728,0.315512,0.473162,0.04299,0.275394,No
0.615,0.309,0.488,0.253,0.322,0.473077,0.30424,0.169655,0.216277,0.120433,No
0.278,0.376,0.277,0.345,0.842,0.444833,0.268998,0.303502,0.031793,0.378628,No
0.241,0.524,0,0.581,0.81,0.610495,0.03116,0.174073,0.127583,0.395513,No
0.367097903,0.009972094,0.119696778,0.669719627,0.977888148,0.297532,0.262357,0.241149,0.321529,0.080695,No
0.027,0.571,0.673,0.986,0.994,0.128645,0.263392,0.432374,0.224244,0.30407,No
0.095264923,0.169376104,0.547562246,0.936593476,0.957461378,0.543137,0.089174,0.168839,0.045618,0.548453,No
0.56267121,0.600652416,0.035637129,0.1375399,0.877456078,0.899029,0.144595,0.128772,0.030962,0.419616,No
0.723867174,0.828000388,0.009089124,0.06779922,0.83754834,0.890177,0.546187,0.226504,0.014754,0.113966,No
0.756557566,0.404705011,0.016269076,0.039442857,0.907293072,0.694053,0.053691,0.168755,0.071567,0.244818,No
0.355,0.111,0.342,0.291,0.911,0.316827,0.445127,0.161967,0.098112,0.451156,No
0.558327282,0.117119981,0.011753619,0.020323809,0.979266212,0.908245,0.141249,0.279551,0.022339,0.350313,No
0.228,0.563,0.032,0.369,0.851,0.293253,0.290939,0.236992,0.163071,0.339072,No
0.178,0.434,0.652,0.779,0.841,0.30262,0.254647,0.205757,0.059698,0.608647,No
0.019,0.332,0.124,0.742,0.991,0.670489,0.143084,0.204781,0.070912,0.429221,No
0.672045676,0.063968754,0.07314297,0.077844731,0.949009752,0.722406,0.176411,0.158669,0.093029,0.160929,No
0.198,0.47,0.11,0.473,0.837,0.37516,0.22654,0.311632,0.055921,0.36194,No
0.434,0.335,0,0.012,0.942,0.437122,0.015058,0.094148,0.155431,0.613695,No
0.284,0.25,0.224,0.103,0.905,0.318685,0.117253,0.276045,0.182637,0.366334,No
0.442901398,0.666126403,0.101353246,0.378826021,0.749238598,0.904417,0.021918,0.067318,0.092752,0.274014,No
0.946,0.22,0.157,0.012,0.739,0.488138,0.152764,0.161601,0.098069,0.267302,No
0.183,0.097,0.118,0.492,0.899,0.431304,0.048166,0.195605,0.22937,0.308956,No
0.117,0.097,0.348,0.612,0.955,0.857904,0.079532,0.211041,0.049819,0.063774,Yes
0.539,0.673,0.47,0.438,0.368,0.095798,0.373211,0.356299,0.438064,0.239397,Yes
0.817,0.571,0.013,0.012,0.401,0.251824,0.281809,0.188787,0.360827,0.140478,Yes
0.123,0.156,0.228,0.16,0.955,0.462973,0.217258,0.262916,0.169787,0.281808,Yes
0.162,0.335,0.496,0.473,0.918,0.14152,0.020462,0.157518,0.692939,0.172837,Yes
0.817,0.571,0.049,0.004,0.401,0.226914,0.328846,0.153035,0.150959,0.192445,Yes
0.158,0.08,0.363,0.601,0.964,0.860111,0.049169,0.226725,0.029866,0.43567,Yes
0.014,0.046,0.306,0.804,0.994,0.275256,0.026634,0.378455,0.140853,0.533055,Yes
0.218,0.432,0.323,0.547,0.919,0.719329,0.129541,0.176271,0.213779,0.181152,Yes
0.266,0.237,0.193,0.313,0.947,0.391248,0.166932,0.164153,0.137448,0.393853,Yes
0.085,0.226,0.458,0.485,0.943,0.953466,0.022048,0.094594,0.026001,0.501258,Yes
0.039,0.114,0.836,0.893,0.905,0.825544,0.062286,0.22972,0.041242,0.387308,Yes
0.276,0.708,0.885,0.705,0.154,0.22979,0.230905,0.217262,0.219602,0.271437,Yes
0.132,0.101,0.542,0.777,0.96,0.401295,0.049783,0.246351,0.209811,0.240186,Yes
0.385,0.499,0.24,0.478,0.899,0.935596,0.20869,0.184835,0.018319,0.227424,Yes
0.377,0.166,0.157,0.105,0.8,0.286373,0.213834,0.542278,0.058149,0.334072,Yes
0.001,0.571,0.997,0.988,0,0.043716,0.0013,0.013063,0.99608,0.006599,Yes
0.058,0.038,0.147,0.375,0.989,0.449222,0.057946,0.181654,0.158412,0.547968,Yes
0.178,0.138,0.8,0.564,0.828,0.207497,0.096643,0.093218,0.769316,0.162241,Yes
0.105,0.463,0.792,0.704,0.041,0.134487,0.257145,0.195858,0.181699,0.509379,Yes
0.589,0.479,0.147,0.339,0.828,0.360527,0.240875,0.321188,0.117492,0.212762,Yes
0.338,0.235,0.104,0.304,0.869,0.164107,0.015058,0.230148,0.629562,0.356028,Yes
0.204,0.203,0.48,0.329,0.892,0.625891,0.193692,0.242459,0.153679,0.166561,Yes
0.68,0.968,0.805,0.465,0.029,0.246246,0.080353,0.123761,0.807537,0.135646,Yes
0.093,0.175,0.642,0.563,0.875,0.279503,0.045658,0.207278,0.088724,0.505607,Yes
0.277,0.296,0.276,0.332,0.892,0.499199,0.143897,0.269725,0.188664,0.285462,Yes
0.055,0.095,0.783,0.699,0.935,0.450997,0.15394,0.26307,0.350778,0.116282,Yes
0.022,0.288,0.799,0.848,0.901,0.368199,0.193275,0.136775,0.453352,0.119256,Yes
0.07,0.015,0.254,0.7,0.986,0.20286,0.068506,0.374845,0.339594,0.173832,Yes
0.611,0.477,0.087,0.22,0.755,0.395477,0.364197,0.250582,0.094987,0.396703,Yes
0.846,0.342,0.332,0.089,0.649,0.319776,0.028947,0.1173,0.605826,0.202841,Yes
0.014,0.851,0.97,0.989,0.858,0.333833,0.018565,0.028728,0.925489,0.07302,Yes
0.927,0.53,0.154,0.534,0.701,0.245306,0.501486,0.546396,0.06254,0.196392,Yes
0.234,0.609,0.425,0.356,0.813,0.770903,0.11286,0.212842,0.054632,0.223695,Yes
0.273,0.007,0.2,0.135,0.981,0.321495,0.155033,0.32451,0.122935,0.546584,Yes
0.241,0.135,0.155,0.261,0.962,0.402785,0.090363,0.066934,0.426297,0.268315,Yes
0.559,0.695,0.121,0.427,0.621,0.551205,0.404934,0.465774,0.027616,0.325124,Yes
0.112,0.201,0.182,0.309,0.983,0.69909,0.034347,0.156983,0.137156,0.393715,Yes
0.134,0.897,0.044,0.56,0.891,0.529151,0.232612,0.30038,0.061891,0.316074,No
0.373357861,0.343909701,0.066161579,0.111579339,0.950722364,0.695733,0.05771,0.25274,0.057848,0.655116,No
0.785078658,0.301502236,0.068295197,0.061380557,0.728863666,0.545688,0.303894,0.623514,0.04661,0.324215,No
0.127,0.513,0.003,0.509,0.986,0.450611,0.124185,0.126019,0.026273,0.677993,No
0.17,0.538,0.318,0.454,0.823,0.494244,0.212623,0.164662,0.241512,0.239835,No
0.921042982,0.152285546,0.026059638,0.019040044,0.84763175,0.888889,0.554024,0.172911,0.009809,0.640816,No
0.223,0.515,0.312,0.829,0.746,0.392683,0.19987,0.181795,0.157031,0.364114,No
0.125,0.517,0.079,0.472,0.933,0.585552,0.021178,0.153568,0.060599,0.770764,No
0.221,0.038,0.323,0.422,0.956,0.388429,0.084631,0.180328,0.106428,0.462727,No
0.412,0.11,0.033,0.125,0.957,0.321546,0.224493,0.222885,0.175194,0.462011,No
0.657,0.158,0.215,0.119,0.867,0.266756,0.304518,0.265666,0.119391,0.331301,No
0.344,0.276,0.457,0.532,0.862,0.400591,0.472557,0.340413,0.032125,0.367226,No
0.921,0.284,0.265,0.052,0.711,0.2982,0.121521,0.385971,0.198369,0.301988,No
0.351,0.406,0.256,0.313,0.766,0.717586,0.051468,0.130452,0.129758,0.31283,No
0.173,0.209,0.32,0.391,0.919,0.575772,0.128087,0.178415,0.035404,0.607674,No
0.589120093,0.099414152,0.048747106,0.263156784,0.978364052,0.18927,0.219494,0.204601,0.319193,0.22218,No
0.347,0.165,0.157,0.15,0.935,0.393354,0.299748,0.406382,0.062843,0.31542,No
0.044,0.065,0.309,0.596,0.939,0.672217,0.0867,0.108308,0.113833,0.233289,No
0.042,0.235,0.241,0.689,0.99,0.462911,0.09361,0.12031,0.133513,0.623751,No
0.54,0.429,0.04,0.165,0.737,0.523408,0.144945,0.16059,0.157968,0.345371,No
0.835788377,0.682020009,0.009455154,0.015798884,0.860146049,0.578661,0.151802,0.170396,0.30862,0.279534,No
0.229,0.998,0,0.465,0.401,0.22588,0.022698,0.048633,0.925045,0.276253,No
0.445,0.432,0.295,0.254,0.671,0.523351,0.389945,0.498414,0.039734,0.33983,No
0.478,0.255,0.121,0.186,0.969,0.59737,0.121455,0.160945,0.248841,0.184957,No
0.267,0.54,0.166,0.556,0.818,0.649752,0.060636,0.122034,0.118007,0.338057,No
0.623,0.225,0.382,0.2,0.778,0.638432,0.173195,0.222931,0.077447,0.276309,No
0.805,0.932,0.157,0.546,0.007,0.303276,0.225267,0.400443,0.21084,0.137543,No
0.646649785,0.629657111,0.050642777,0.142359923,0.78874039,0.614374,0.081677,0.571513,0.022169,0.520945,No
0.299,0.175,0.371,0.231,0.868,0.470191,0.135276,0.234186,0.025455,0.513729,No
0.382,0.166,0.294,0.406,0.925,0.320948,0.492938,0.206456,0.082513,0.473086,No
0.525750162,0.434699972,0.017060848,0.141380793,0.930962586,0.59792,0.048105,0.135038,0.145417,0.362572,No
0.882505386,0.559329915,0.012722773,0.037832721,0.839854696,0.765899,0.055323,0.19881,0.026223,0.592884,No
0.685,0.515,0.326,0.195,0.347,0.623898,0.271198,0.151729,0.074336,0.404548,No
0.48336011,0.547379983,0.040442252,0.094758773,0.961546327,0.944609,0.02032,0.160109,0.032793,0.417052,No
0.445,0.229,0.213,0.671,0.704,0.408785,0.2618,0.082288,0.183002,0.24537,No
0.031,0.403,0.416,0.792,0.975,0.335623,0.078375,0.397855,0.071097,0.538551,No
0.660926905,0.872745592,0.146429774,0.674162954,0.795042305,0.491535,0.089702,0.24425,0.08856,0.552927,No
0.109,0.492,0.114,0.369,0.874,0.603017,0.180319,0.0974,0.099369,0.437069,No
0.542,0.226,0.02,0.074,0.954,0.385485,0.192575,0.122798,0.081666,0.472024,No
0.128111231,0.394434232,0.009768053,0.165415721,0.99,0.727008,0.032926,0.423372,0.01666,0.340527,No
0.744,0.403,0.139,0.103,0.876,0.167473,0.135108,0.412759,0.190819,0.334699,No
0.786045847,0.565886809,0.184278808,0.118193089,0.759930798,0.716843,0.402747,0.384603,0.036875,0.152405,No
0.996,0.897,0.157,0.012,0.102,0.312923,0.224296,0.292007,0.32757,0.093393,No
0.373402576,0.490353641,0.110088985,0.462627367,0.863689745,0.666821,0.178654,0.181829,0.051668,0.299691,No
0.546,0.455,0.246,0.352,0.739,0.411849,0.071188,0.175216,0.044773,0.793115,No
0.195,0.224,0.127,0.602,0.941,0.229563,0.057468,0.514134,0.066277,0.630076,No
0.103,0.344,0.84,0.7,0.633,0.319081,0.489056,0.332684,0.165194,0.127123,No
0.484,0.832,0.091,0.27,0.501,0.475204,0.181873,0.096711,0.095359,0.323698,No
0.593348653,0.39827392,0.090559183,0.176197316,0.944315026,0.37483,0.316679,0.155351,0.162002,0.524681,No
0.478,0.255,0.121,0.186,0.969,0.59737,0.121455,0.160945,0.248841,0.184957,No
0.78677243,0.188908282,0.254967143,0.407759096,0.573397299,0.560773,0.163943,0.178627,0.186083,0.085884,No
0.365419008,0.119506007,0.044616323,0.20196588,0.972372023,0.907665,0.092132,0.232229,0.021043,0.505961,No
0.269,0.021,0.032,0.131,0.991,0.665045,0.184728,0.44841,0.020215,0.535299,No
0.104,0.054,0.127,0.152,0.984,0.872477,0.083759,0.299687,0.030341,0.316504,No
0.885099456,0.671630178,0.024105835,0.134895056,0.515049728,0.90928,0.030893,0.087086,0.031203,0.541633,No
0.162,0.204,0.735,0.578,0.777,0.302197,0.141836,0.428551,0.190169,0.260581,No
0.469,0.46,0.33,0.244,0.701,0.315847,0.523976,0.352055,0.045515,0.560692,No
0.612185888,0.553679155,0.191817374,0.234184902,0.463334696,0.736074,0.077082,0.291739,0.077853,0.315033,No
0.111,0.166,0,0.155,0.81,0.415051,0.12777,0.178553,0.183394,0.378551,No
0.568,0.895,0.018,0.147,0.401,0.361324,0.04206,0.113554,0.724417,0.173053,No
0.295,0.333,0.09,0.245,0.727,0.694542,0.316921,0.109061,0.038154,0.390665,No
0.924091525,0.592300616,0.038400067,0.057823727,0.634608169,0.823066,0.220694,0.598919,0.024225,0.272131,No
0.393,0.877,0.712,0.599,0.136,0.22741,0.158493,0.170246,0.359655,0.165639,No
0.891,0.886,0.021,0.012,0.22,0.436573,0.04703,0.144192,0.202245,0.316353,No
0.152,0.571,0.021,0.458,0.908,0.285834,0.146504,0.250229,0.080718,0.606459,No
0.089500439,0.009951379,0.017699276,0.162064014,0.99,0.366778,0.271581,0.434068,0.03479,0.414889,No
0.033176934,0.070957041,0.584028189,0.364077385,0.99,0.509037,0.155165,0.567016,0.035481,0.295614,No
0.679095863,0.649291168,0.011470022,0.134345856,0.951524628,0.687975,0.205347,0.168725,0.032366,0.555382,No
0.242,0.39,0.337,0.602,0.839,0.238063,0.248357,0.219661,0.053006,0.671005,No
0.453036498,0.548344199,0.037724946,0.30704006,0.938360503,0.553123,0.137919,0.352469,0.147301,0.20399,No
0.552,0.929,0.011,0.092,0.401,0.497204,0.126207,0.156071,0.11781,0.386491,No
0.541,0.432,0.117,0.152,0.697,0.65493,0.3854,0.115986,0.05232,0.230468,No
0.057,0.58,0.007,0.144,0.982,0.539445,0.084697,0.307694,0.065735,0.414606,No
0.611,0.459,0.473,0.274,0.649,0.528616,0.331981,0.085591,0.043639,0.389538,No
0.646611048,0.599572433,0.178985573,0.35165703,0.627726472,0.814726,0.226935,0.676313,0.020136,0.225065,No
0.520916505,0.015136015,0.236491392,0.179263373,0.886648664,0.766555,0.11079,0.569156,0.018453,0.256711,No
0.278498134,0.463250452,0.190931128,0.512794221,0.927402094,0.82634,0.169119,0.375578,0.021102,0.278311,No
0.892384636,0.760276914,0.116847956,0.032275355,0.199800808,0.245101,0.122705,0.166036,0.745102,0.046867,No
0.125,0.51,0.019,0.452,0.788,0.410065,0.427905,0.1548,0.186549,0.181222,No
0.744200541,0.847306856,0.057309541,0.069612601,0.46204803,0.903341,0.191681,0.290044,0.028573,0.109543,No
0.273,0.38,0.339,0.424,0.901,0.244488,0.108326,0.35414,0.226038,0.430025,No
0.657632728,0.061505037,0.224028511,0.18110832,0.780645925,0.539571,0.531805,0.100241,0.089697,0.272345,No
0.527474027,0.532696609,0.111682383,0.277317709,0.741070555,0.925589,0.584539,0.133298,0.035024,0.74409,No
0.829325103,0.701594829,0.009346726,0.210618715,0.70554955,0.530517,0.286636,0.45329,0.018766,0.368444,No
0.514938267,0.548364924,0.039305375,0.211557887,0.848972443,0.846025,0.083422,0.266547,0.026178,0.399659,No
0.035,0.184,0.469,0.622,0.95,0.451774,0.106592,0.549257,0.022808,0.299242,No
0.059,0.109,0.836,0.789,0.927,0.429475,0.152067,0.243562,0.050559,0.402767,No
0.779873854,0.254044194,0.020444403,0.025811516,0.929138306,0.936765,0.181628,0.50946,0.020939,0.398745,No
0.028,0.397,0.221,0.225,0.956,0.549451,0.146278,0.193454,0.037968,0.476154,No
0.210555794,0.26013443,0.094976804,0.397904125,0.99,0.721786,0.093039,0.618118,0.023085,0.33839,No
0.608754402,0.536907596,0.057822374,0.071292669,0.889668419,0.672362,0.158749,0.394783,0.043308,0.542933,No
0.042,0.126,0.06,0.459,0.986,0.44752,0.243759,0.161616,0.081644,0.358426,No
0.322,0.666,0.357,0.51,0.715,0.501931,0.065877,0.438449,0.062499,0.410253,No
0.392,0.096,0.083,0.151,0.912,0.632937,0.197251,0.276921,0.060994,0.253696,No
0.595,0.843,0.259,0.438,0.211,0.475406,0.377973,0.219527,0.027727,0.388109,No
0.199,0.358,0.329,0.583,0.855,0.591331,0.190441,0.233115,0.032292,0.25272,No
0.026,0.221,0.007,0.296,0.99,0.53748,0.163523,0.260405,0.059572,0.49257,No
0.321,0.246,0.225,0.399,0.855,0.293595,0.2826,0.336831,0.038466,0.665286,No
0.632,0.195,0.032,0.191,0.824,0.720124,0.351195,0.203876,0.013543,0.433545,No
0.11869311,0.065596205,0.40203698,0.698818881,0.924884738,0.701469,0.094331,0.332279,0.071828,0.228275,No
0.214,0.53,0.056,0.278,0.962,0.352492,0.297142,0.158665,0.059219,0.462954,No
0.698740326,0.057084786,0.009790584,0.045283655,0.987759689,0.81327,0.178177,0.388821,0.014991,0.47318,No
0.817,0.998,0,0.012,0.401,0.194549,0.020435,0.047128,0.933508,0.168397,No
0.096,0.197,0.265,0.714,0.926,0.365399,0.055942,0.174797,0.090002,0.610052,No
0.29,0.494,0.433,0.617,0.645,0.367389,0.196917,0.360379,0.056903,0.483912,No
0.051,0.052,0.07,0.368,0.995,0.334052,0.090044,0.226135,0.136491,0.51374,No
0.335,0.774,0.009,0.447,0.823,0.168454,0.330763,0.076705,0.289376,0.424091,No
0.817,0.571,0.157,0.012,0.401,0.175925,0.251453,0.251647,0.263312,0.189965,No
0.258,0.058,0.531,0.239,0.79,0.752363,0.301921,0.080326,0.38964,0.158096,No
0.32,0.23,0.274,0.372,0.895,0.519218,0.255185,0.284461,0.013569,0.570237,No
0.247,0.281,0.342,0.221,0.957,0.621916,0.225519,0.158418,0.057621,0.360397,No
0.811,0.878,0.335,0.295,0.315,0.226729,0.29003,0.170806,0.582017,0.048208,Yes
0.155,0.096,0.692,0.638,0.923,0.369569,0.168267,0.327122,0.205765,0.229618,Yes
0.144,0.042,0.039,0.087,0.981,0.644491,0.041953,0.239284,0.344939,0.18773,Yes
0.86,0.13,0.037,0.078,0.813,0.287138,0.466304,0.248636,0.1193,0.236094,Yes
0.146,0.177,0.476,0.465,0.864,0.706225,0.467148,0.086248,0.06538,0.340972,Yes
0.375,0.166,0.078,0.114,0.927,0.245133,0.137361,0.302001,0.319616,0.419055,Yes
0.217,0.208,0.383,0.291,0.948,0.567589,0.123329,0.161992,0.14873,0.369879,Yes
0.057,0.315,0.617,0.713,0.942,0.460377,0.135218,0.152155,0.270198,0.153959,Yes
0.288,0.134,0.157,0.124,0.964,0.438002,0.288116,0.146187,0.067938,0.516643,Yes
0.511,0.146,0.78,0.235,0.325,0.184148,0.520451,0.155662,0.245907,0.216666,Yes
0.174,0.03,0.04,0.148,0.991,0.485902,0.297139,0.114334,0.093829,0.361994,Yes
0.271,0.34,0.067,0.169,0.926,0.460564,0.109447,0.163419,0.36503,0.13874,Yes
0.817,0.571,0.157,0.012,0.401,0.188952,0.216643,0.206727,0.317342,0.222513,Yes
0.463,0.072,0.44,0.448,0.859,0.289952,0.414827,0.041363,0.052818,0.673333,Yes
0.064,0.148,0.063,0.322,0.989,0.450517,0.255301,0.318902,0.072655,0.450296,Yes
0.038,0.036,0.917,0.755,0.905,0.451823,0.344991,0.262938,0.067649,0.340924,Yes
0.326,0.45,0.232,0.385,0.937,0.73226,0.181572,0.326004,0.067945,0.195593,Yes
0.964,0.267,0.446,0.52,0.496,0.171597,0.692424,0.351682,0.115334,0.244159,Yes
0.81,0.122,0.157,0.012,0.904,0.375125,0.21706,0.357426,0.146202,0.252999,Yes
0.569,0.974,0.091,0.48,0.105,0.213126,0.118546,0.089707,0.573216,0.110616,Yes
0.09,0.475,0.1,0.785,0.96,0.317035,0.347252,0.185259,0.055085,0.652667,Yes
0.766,0.517,0.105,0.359,0.752,0.27293,0.430376,0.635089,0.030244,0.278295,Yes
0.17,0.54,0.809,0.688,0.826,0.874601,0.16504,0.478729,0.017292,0.399523,Yes
0.561,0.232,0.352,0.131,0.751,0.205329,0.396783,0.310511,0.157379,0.17452,Yes
0.739,0.35,0.157,0.19,0.126,0.204316,0.301552,0.500593,0.158537,0.287707,Yes
0.003,0.247,0.997,0.989,0.001,0.190515,0.061346,0.066476,0.895154,0.033265,Yes
0.16,0.263,0.621,0.481,0.874,0.416074,0.070398,0.307227,0.205904,0.30604,Yes
0.291,0.423,0.505,0.533,0.686,0.389746,0.085476,0.50244,0.06535,0.683441,Yes
0.932,0.159,0.031,0.001,0.847,0.295693,0.223206,0.387814,0.197749,0.250216,Yes
0.526,0.815,0.147,0.239,0.681,0.384353,0.153826,0.3138,0.204726,0.365609,Yes
0.357,0.046,0.347,0.102,0.97,0.864542,0.307882,0.08579,0.022813,0.339583,Yes
0.027,0.308,0.256,0.679,0.994,0.414254,0.254585,0.42089,0.023631,0.410246,Yes
0.067,0.061,0.903,0.677,0.968,0.397624,0.090599,0.30231,0.125333,0.289403,Yes
0.383,0.236,0.104,0.115,0.951,0.643269,0.45159,0.325946,0.016639,0.554194,Yes
0.754,0.863,0.548,0.17,0.138,0.246218,0.080429,0.122103,0.808552,0.135705,Yes
0.104,0.081,0.565,0.681,0.969,0.673879,0.12936,0.344151,0.037244,0.236908,Yes
0.46,0.673,0.076,0.277,0.828,0.286458,0.178203,0.190823,0.330916,0.344003,Yes
0.012,0.178,0.969,0.93,0.811,0.373754,0.042101,0.150687,0.532372,0.184928,Yes
0.496,0.068,0.19,0.235,0.925,0.317979,0.097073,0.193782,0.268062,0.421602,Yes
0.081,0.571,0.601,0.731,0.965,0.280257,0.092867,0.133393,0.574746,0.286595,Yes
0.024,0.507,0.957,0.936,0.815,0.525775,0.185419,0.269483,0.474493,0.158888,Yes
0.164,0.002,0.054,0.027,0.997,0.441078,0.121742,0.09363,0.244108,0.496939,Yes
0.241,0.096,0.311,0.402,0.965,0.531135,0.396479,0.099008,0.071126,0.351515,Yes
0.666,0.938,0.175,0.265,0.141,0.285043,0.253565,0.287226,0.174673,0.21289,Yes
0.191,0.058,0.259,0.506,0.974,0.621611,0.058297,0.477312,0.01808,0.276206,Yes
0.178,0.19,0.557,0.387,0.866,0.349385,0.223178,0.361557,0.096682,0.30506,Yes
0.18,0.044,0.157,0.359,0.963,0.119133,0.016804,0.189122,0.62826,0.149407,Yes
0.339,0.251,0.126,0.472,0.827,0.415913,0.27468,0.148738,0.185896,0.328414,Yes
0.671,0.863,0.098,0.17,0.138,0.175728,0.027404,0.137601,0.825038,0.076098,Yes
0.817,0.571,0.157,0.012,0.401,0.21082,0.019912,0.146181,0.740208,0.045881,Yes
0.817,0.571,0.157,0.012,0.401,0.066398,0.009866,0.114607,0.673676,0.086265,Yes
0.141,0.38,0.434,0.465,0.849,0.340126,0.222895,0.262847,0.194004,0.223341,Yes
0.526,0.448,0.792,0.185,0.235,0.234178,0.21952,0.400547,0.31449,0.166261,Yes
0.08,0.069,0.178,0.353,0.987,0.678222,0.105977,0.341583,0.030537,0.658004,Yes
0.61,0.151,0.034,0.075,0.828,0.112293,0.332254,0.396375,0.317092,0.391826,Yes
0.441,0.772,0.043,0.207,0.947,0.417089,0.346678,0.240824,0.162994,0.212414,Yes
0.203,0.014,0.028,0.036,0.995,0.472045,0.368043,0.226881,0.093856,0.177502,Yes
0.438,0.402,0.11,0.256,0.877,0.858516,0.413755,0.057112,0.041791,0.191089,Yes
0.51,0.138,0.261,0.599,0.808,0.322258,0.331112,0.21568,0.173464,0.353227,Yes
0.145,0.461,0.304,0.46,0.884,0.523786,0.040415,0.175234,0.674849,0.067246,Yes
0.557,0.408,0.204,0.198,0.728,0.442536,0.322052,0.444852,0.019677,0.464554,Yes
0.083,0.162,0.226,0.41,0.966,0.647433,0.136995,0.390091,0.020259,0.478952,Yes
0.117,0.298,0.198,0.485,0.985,0.733877,0.050102,0.206627,0.027318,0.502101,Yes
0.326,0.332,0.39,0.478,0.798,0.616273,0.290468,0.455897,0.050558,0.154144,Yes
0.327,0.917,0.023,0.138,0.929,0.619897,0.049298,0.017814,0.158864,0.613931,Yes
0.19,0.017,0.512,0.201,0.986,0.188618,0.285829,0.330745,0.237547,0.337446,Yes
0.229,0.205,0.115,0.333,0.912,0.253211,0.20225,0.323138,0.075728,0.559571,Yes
0.255,0.196,0.249,0.357,0.92,0.634244,0.259862,0.340676,0.115103,0.375172,Yes
0.371,0.103,0.67,0.569,0.926,0.308133,0.457562,0.182978,0.074406,0.282469,Yes
0.113,0.182,0.757,0.493,0.86,0.332452,0.297319,0.267442,0.146859,0.257583,Yes
0.946,0.22,0.157,0.012,0.739,0.488138,0.152764,0.161601,0.098069,0.267302,Yes
0.325,0.537,0.505,0.646,0.788,0.669538,0.064585,0.345733,0.191687,0.38634,Yes
0.301,0.615,0.178,0.305,0.915,0.582483,0.633804,0.225758,0.016451,0.382219,Yes
0.328,0.218,0.547,0.359,0.817,0.815791,0.043812,0.325353,0.100672,0.247918,Yes
0.121,0.436,0.484,0.744,0.961,0.540015,0.418283,0.41618,0.016689,0.240146,Yes
0.336,0.481,0.061,0.196,0.826,0.560082,0.4782,0.280599,0.018144,0.274062,Yes
0.642,0.452,0.353,0.164,0.669,0.718793,0.266515,0.092719,0.063097,0.372253,Yes
0.817,0.143,0.566,0.012,0.904,0.243668,0.035014,0.05197,0.752186,0.222551,Yes
0.784,0.335,0.094,0.061,0.621,0.127845,0.180916,0.303793,0.333948,0.407335,Yes
0.774,0.477,0.247,0.172,0.802,0.569463,0.769029,0.211891,0.028784,0.171808,Yes
0.268,0.037,0.121,0.193,0.984,0.919195,0.426635,0.095865,0.020882,0.489772,Yes
0.186,0.666,0.117,0.636,0.557,0.322032,0.272323,0.201124,0.105977,0.453969,Yes
0.327,0.208,0.602,0.311,0.937,0.697784,0.286889,0.287911,0.037672,0.205017,Yes
0.615,0.328,0.012,0.077,0.584,0.495047,0.25786,0.242024,0.060829,0.319903,Yes
0.292,0.278,0.081,0.158,0.936,0.25158,0.150071,0.222429,0.227417,0.535449,Yes
0.314,0.205,0.214,0.538,0.936,0.309777,0.198176,0.445274,0.075222,0.46194,Yes
0.121,0.458,0.477,0.72,0.897,0.681381,0.274675,0.112574,0.054963,0.302833,Yes
0.323,0.471,0.11,0.244,0.942,0.403315,0.160596,0.129648,0.182917,0.544293,Yes
0.195,0.06,0.157,0.153,0.986,0.440862,0.231533,0.406329,0.043258,0.374207,Yes
0.182,0.843,0.117,0.655,0.777,0.068651,0.200984,0.233379,0.519235,0.180119,Yes
0.962,0.792,0.018,0.105,0.22,0.206527,0.211192,0.368047,0.208536,0.14246,Yes
0.443,0.93,0.001,0.105,0.739,0.297294,0.140822,0.0854,0.446691,0.336701,Yes
0.02,0.225,0.791,0.743,0.918,0.312679,0.099194,0.462635,0.120328,0.362069,Yes
0.059,0.173,0.512,0.851,0.959,0.750755,0.363076,0.15167,0.050681,0.261514,Yes
0.122,0.108,0.157,0.356,0.972,0.520478,0.215547,0.266265,0.025646,0.556802,Yes
0.064,0.102,0.195,0.528,0.981,0.359345,0.185108,0.312465,0.250289,0.117416,Yes
0.998,0.571,0.528,0.465,0.401,0.307138,0.425264,0.274783,0.107866,0.156238,Yes
0.664,0.138,0.157,0.012,0.764,0.184289,0.167821,0.179313,0.395567,0.290085,Yes
0.203,0.886,0.524,0.538,0.642,0.200764,0.148259,0.186876,0.517175,0.193196,Yes
0.549,0.073,0.401,0.461,0.815,0.20077,0.377572,0.412565,0.060353,0.606059,Yes
0.448,0.025,0.091,0.137,0.983,0.381578,0.104442,0.319087,0.151351,0.400356,Yes
0.271,0.329,0.518,0.535,0.864,0.630031,0.175722,0.371213,0.031092,0.212945,Yes
0.372,0.016,0.016,0.093,0.991,0.17125,0.442922,0.191795,0.213168,0.28453,Yes
0.026,0.392,0.768,0.878,0.905,0.203209,0.056026,0.094468,0.670232,0.156071,Yes
0.152,0.571,0.925,0.743,0.401,0.146529,0.000106,0.03819,0.996103,0.003152,Yes
0.06,0.026,0.636,0.594,0.967,0.379997,0.115085,0.278342,0.180916,0.362088,Yes
0.767,0.43,0.293,0.114,0.61,0.259678,0.068816,0.094139,0.745143,0.128569,Yes
0.565,0.356,0.191,0.148,0.802,0.418202,0.304053,0.225706,0.229842,0.369533,Yes
0.363,0.459,0.472,0.576,0.4,0.219503,0.039524,0.17754,0.610144,0.254642,Yes
0.397,0.897,0.157,0.244,0.764,0.648841,0.128645,0.267,0.045143,0.382346,Yes
0.13,0.019,0.766,0.216,0.952,0.44246,0.037165,0.271397,0.284372,0.139315,Yes
0.16,0.229,0.304,0.371,0.961,0.479449,0.160773,0.340768,0.079047,0.198563,Yes
0.742,0.571,0.049,0.1,0.401,0.340964,0.091246,0.194501,0.288864,0.285262,Yes
0.379,0.298,0.553,0.739,0.562,0.185899,0.2407,0.234764,0.314517,0.12225,Yes
0.202,0.392,0.548,0.53,0.684,0.875147,0.652097,0.158134,0.090421,0.671721,Yes
0.949,0.843,0.121,0.348,0.057,0.330582,0.518785,0.349497,0.074299,0.24223,Yes
0.137,0.571,0.031,0.283,0.925,0.168269,0.251611,0.38898,0.141956,0.372464,Yes
0.473,0.164,0.022,0.315,0.901,0.284626,0.171529,0.261739,0.136434,0.276956,Yes
0.817,0.571,0.027,0.012,0.401,0.18984,0.349122,0.262709,0.178388,0.274657,Yes
0.371,0.16,0.039,0.214,0.949,0.472355,0.059933,0.274497,0.184254,0.118107,Yes
0.152,0.571,0.925,0.743,0.401,0.319007,0.008553,0.062815,0.977997,0.01482,Yes
0.601,0.509,0.357,0.371,0.579,0.542267,0.413041,0.110387,0.046115,0.404362,Yes
0.958,0.267,0.041,0.012,0.78,0.147678,0.370159,0.357106,0.096067,0.402298,Yes
0.943,0.767,0.101,0.131,0.625,0.216966,0.095822,0.242596,0.467723,0.104024,Yes
0.253,0.197,0.129,0.381,0.973,0.583889,0.064404,0.113569,0.129667,0.395805,Yes
0.6,0.14,0.07,0.073,0.821,0.200113,0.16591,0.262733,0.243785,0.43696,Yes
0.213,0.237,0.499,0.475,0.911,0.370616,0.108398,0.189684,0.127971,0.409806,Yes
0.808,0.897,0.157,0.405,0.02,0.253291,0.223014,0.173898,0.137109,0.499746,Yes
0.607,0.78,0.079,0.103,0.639,0.360647,0.529251,0.193984,0.129559,0.227017,Yes
0.581,0.481,0.055,0.273,0.749,0.171708,0.312351,0.106812,0.320587,0.345588,Yes
0.011,0.056,0.336,0.51,0.996,0.516359,0.188171,0.176411,0.142978,0.231048,Yes
0.101,0.031,0.064,0.244,0.992,0.25668,0.214745,0.089637,0.094476,0.566452,Yes
0.967,0.289,0.052,0.078,0.59,0.258145,0.185945,0.444254,0.072584,0.492202,Yes
0.064,0.038,0.467,0.322,0.985,0.684275,0.160215,0.279417,0.016027,0.085055,Yes
0.123,0.305,0.052,0.644,0.986,0.521708,0.138841,0.211022,0.10008,0.295953,Yes
0.68,0.968,0.805,0.465,0.029,0.128299,0.00987,0.089322,0.941076,0.086006,Yes
0.124,0.002,0.042,0.075,0.996,0.134655,0.044932,0.06958,0.391045,0.719786,Yes
0.112,0.352,0.199,0.555,0.963,0.881774,0.058927,0.248068,0.078625,0.243914,Yes
0.426,0.206,0.329,0.222,0.752,0.891421,0.298654,0.280832,0.021673,0.125392,Yes
0.068,0.171,0.364,0.586,0.947,0.33254,0.174371,0.09821,0.155127,0.300405,Yes
0.349,0.109,0.218,0.489,0.935,0.109307,0.482893,0.213133,0.083296,0.582099,Yes
0.065,0.081,0.143,0.322,0.973,0.702273,0.080554,0.29137,0.064614,0.440935,Yes
0.047,0.081,0.849,0.987,0.97,0.070033,0.161811,0.482403,0.371465,0.267536,Yes
0.208,0.571,0.357,0.15,0.911,0.362616,0.372658,0.31692,0.072137,0.157627,Yes
0.23,0.332,0.521,0.521,0.817,0.848004,0.036878,0.060577,0.209381,0.18921,Yes
0.021,0.06,0.352,0.841,0.987,0.389002,0.134441,0.124044,0.201328,0.458595,Yes
0.039,0.234,0.671,0.808,0.957,0.570035,0.024559,0.148962,0.200307,0.023982,Yes
0.47,0.488,0.373,0.175,0.56,0.537611,0.494224,0.374109,0.027426,0.25829,Yes
0.236,0.571,0.757,0.854,0.739,0.245631,0.104506,0.081277,0.534862,0.272512,Yes
0.678,0.705,0.323,0.111,0.335,0.14945,0.173706,0.163922,0.443955,0.337938,Yes
0.296,0.571,0.157,0.187,0.871,0.214944,0.136627,0.239788,0.127025,0.452936,Yes
0.189,0.093,0.473,0.536,0.887,0.588832,0.204934,0.106013,0.051233,0.552883,Yes
0.163,0.26,0.43,0.495,0.87,0.835632,0.116062,0.102366,0.085413,0.218497,Yes
0.364,0.226,0.147,0.726,0.982,0.534184,0.451761,0.322639,0.071888,0.102991,Yes
0.084,0.353,0.346,0.663,0.908,0.792573,0.421426,0.173144,0.038352,0.354555,Yes
0.255,0.353,0.064,0.281,0.969,0.468131,0.15799,0.366525,0.069452,0.399796,Yes
0.817,0.571,0.157,0.012,0.401,0.163367,0.29698,0.275394,0.300527,0.183604,Yes
0.792,0.601,0.313,0.119,0.588,0.488191,0.205787,0.338083,0.139523,0.142468,Yes
0.013,0.214,0.994,0.948,0.081,0.113447,0.019912,0.016745,0.941278,0.066674,Yes
0.032,0.063,0.398,0.356,0.958,0.585967,0.215198,0.192108,0.100675,0.291498,Yes
0.74,0.104,0.026,0.036,0.954,0.432059,0.11529,0.221837,0.270364,0.218261,Yes
0.035,0.024,0.223,0.653,0.994,0.338025,0.246852,0.304223,0.177705,0.133102,Yes
0.087,0.512,0.829,0.624,0.21,0.08588,0.010143,0.078202,0.890365,0.200591,Yes
0.061,0.571,0.947,0.919,0.155,0.204158,0.032783,0.053223,0.909282,0.073033,Yes
0.063,0.122,0.253,0.559,0.986,0.459113,0.105687,0.150327,0.068985,0.735726,Yes
0.503,0.394,0.16,0.113,0.891,0.711527,0.310076,0.129913,0.157821,0.124429,Yes
0.383,0.037,0.013,0.004,0.963,0.119647,0.150532,0.041016,0.574735,0.335613,Yes
0.062,0.03,0.628,0.584,0.981,0.955815,0.065545,0.198559,0.026385,0.100851,Yes
0.504,0.018,0.113,0.034,0.978,0.209851,0.148385,0.399232,0.234691,0.234969,Yes
0.095,0.301,0.927,0.913,0.737,0.216863,0.083289,0.053607,0.781649,0.172422,Yes
0.065,0.043,0.896,0.599,0.942,0.097554,0.038854,0.221795,0.667408,0.283647,Yes
0.164,0.031,0.194,0.318,0.983,0.164779,0.550156,0.554688,0.045736,0.3431,Yes
0.276,0.571,0.876,0.743,0.401,0.151249,0.102992,0.132003,0.707337,0.171264,Yes
0.817,0.571,0.157,0.012,0.401,0.155121,0.197359,0.160597,0.371044,0.329996,Yes
0.122,0.079,0.338,0.501,0.972,0.237869,0.195106,0.210101,0.111713,0.562907,Yes
0.817,0.571,0.157,0.012,0.401,0.132078,0.087067,0.148676,0.714758,0.078957,Yes
0.785,0.308,0.259,0.074,0.729,0.291936,0.226759,0.132775,0.381954,0.178505,Yes
0.526,0.295,0.028,0.167,0.965,0.485756,0.378657,0.564216,0.131221,0.203941,Yes
0.098,0.221,0.047,0.149,0.988,0.405304,0.068108,0.266243,0.179404,0.619151,Yes
0.777,0.18,0.029,0.051,0.936,0.563337,0.083671,0.08878,0.257372,0.221534,Yes
0.437,0.365,0.157,0.081,0.793,0.430116,0.139421,0.157741,0.33753,0.343255,Yes
0.318,0.524,0.667,0.724,0.753,0.369899,0.398468,0.238173,0.09843,0.224767,Yes
0.455,0.328,0.305,0.284,0.866,0.583235,0.098374,0.213171,0.097275,0.31012,Yes
0.05,0.109,0.539,0.794,0.972,0.788664,0.050332,0.289162,0.14567,0.331639,Yes
0.817,0.571,0.157,0.012,0.401,0.15611,0.31787,0.320483,0.156803,0.291444,Yes
0.538,0.156,0.155,0.093,0.815,0.345501,0.101085,0.233407,0.237335,0.34433,Yes
0.411,0.34,0.094,0.213,0.874,0.278477,0.336339,0.207267,0.251126,0.322935,Yes
0.261,0.009,0.359,0.387,0.973,0.697997,0.3044,0.175089,0.020247,0.342737,Yes
0.318,0.027,0.132,0.061,0.945,0.18429,0.154452,0.169202,0.195704,0.490398,Yes
0.028,0.235,0.028,0.267,0.995,0.530211,0.163233,0.176277,0.081935,0.305435,Yes
0.176,0.179,0.566,0.704,0.804,0.242082,0.24263,0.306537,0.215622,0.289105,Yes
0.831,0.42,0.116,0.083,0.766,0.356515,0.278435,0.465407,0.059422,0.365295,Yes